exp_name,Batch,mean_length,n_samples,uniq_samples,good_samples,bad_samples,novelty,hard_novelty,soft_novelty,diversity,conciseness,solubility,naturalness,synthesizability,model_samples,neg-loglike,D_loss_0,Accuracy_0,D_loss_1,Accuracy_1
toy-variety-2,0,13.85540625,32000,26549,8633,23367,0.770763349936291,0.6908374840727441,0.8395343449554038,0.49282714994110904,0.984483956909533,0.24285051857188253,0.6157976580604487,0.2657941555638504,toy-variety-2_0,0.9330286979675293,2.628896474838257,0.8035714030265808,2.3977887630462646,0.8214285969734192
toy-variety-2,1,13.54140625,6400,5861,1762,4638,0.7485811577752554,0.6765039727582293,0.8240068104426789,0.5155716220732902,0.9838251986379115,0.24403348858415566,0.6297434273597375,0.26303745768937087,toy-variety-2_1,1.0832271575927734,2.1724259853363037,0.8392857313156128,1.949745535850525,0.9107142686843872
toy-variety-2,2,13.5484375,6400,5828,1714,4686,0.766044340723454,0.6855309218203034,0.8362310385064179,0.48157628438868455,0.9841015169194866,0.2408183330496422,0.6191683980434988,0.2766866606809315,toy-variety-2_2,0.4033316373825073,1.8350410461425781,0.8928571343421936,1.833055853843689,0.8571428656578064
toy-variety-2,3,13.59390625,6400,5836,1712,4688,0.7605140186915887,0.679322429906542,0.8323598130841121,0.5454670278029183,0.9836740654205609,0.2383879384765286,0.6337051018492472,0.27090426397946343,toy-variety-2_3,0.677189826965332,1.5685807466506958,0.9107142686843872,1.5268828868865967,0.875
toy-variety-2,4,13.64453125,6400,5838,1704,4696,0.7464788732394366,0.6766431924882629,0.8225352112676055,0.5273223767862809,0.9855633802816902,0.24224741949453812,0.6349060883314871,0.27943277405998906,toy-variety-2_4,0.670026421546936,1.3472635746002197,0.9107142686843872,1.092002272605896,0.9642857313156128
